"id","diary_name","author_name","author_id","content","location"
"1","历史之旅","马嘉帅","1","我今天去了故宫博物院，这真是一次令人震撼的历史之旅。我在这座庞大的宫殿群中徜徉，学习了无数关于中国古代皇家文化的知识。每一个展馆都散发着古老的气息，让我仿佛穿越了时间。","故宫博物院"
"2","科技大学探索","Herbert Morris","2","在北京科技大学度过了一个充满活力的下午，见识了中国在教育和科技方面的发展。漫步在校园里，环境既庄严又现代，给我留下了深刻的印象。","北京科技大学"
"3","艺术之旅","徐岚","3","首次探访北京798艺术区真是个不错的选择。这里的现代艺术作品与工业遗迹的完美结合，给我的感官带来了全新体验。每一处转角都有惊喜等待着。","北京798艺术区"
"4","颐和园漫步","Marilyn Brooks","4","今天我去了颐和园，它的美丽景色和丰富的历史让我目不暇接。漫步在昆明湖畔，欣赏着古典建筑与自然风光的和谐共存，感受到了深深的宁静与和谐。","颐和园"
"5","天安门广场体验","Peter Robinson","5","我今天参观了天安门广场，感受到了这个地方的宏伟与庄严。站在广场上，周围巍峨的建筑让我感受到了中国悠久的历史和现代化的气息。","天安门广场"
"6","北京动物园之旅","蔡睿","6","北京动物园之行让我大开眼界，各种珍稀动物近距离观看的机会非常难得。特别是熊猫馆，那里的熊猫活泼可爱，成为了拍摄的焦点。","北京动物园"
"7","清华大学见闻","Charles Rodriguez","7","参观清华大学，这所世界著名的学府不仅有着壮观的校园，还有浓厚的学术氛围。漫步在校园中，我深受启发，对未来充满期待。","清华大学"
"8","体验鸟巢","Shannon Kelly","8","在北京国家体育场，亦称“鸟巢”，我体验了奥运的魅力。结构宏伟壮观，是现代建筑的杰作，令人赞叹不已。","北京国家体育场"
"9","后海公园一日","Paula Lopez","9","我在后海公园度过了轻松愉快的一天，那里的湖泊与古典建筑形成了完美的和谐，是逃离都市喧嚣的绝佳去处。","后海公园"
"10","铁道博物馆探索","邵子韬","10","北京铁道博物馆让我对中国的铁路历史有了深刻的了解。观看那些古老的火车头和详细的展览，感觉时间仿佛倒流。","北京铁道博物馆"
"11","长城征途","Clifford Coleman","11","攀登长城，感受到了不朽的历史和苍茫的自然美景。站在城墙上，望着蜿蜒的山峰，仿佛能听到历史的回声。","长城"
"12","现场音乐体验","汤岚","12","在北京现代音乐研究院的一次现场音乐会让我难以忘怀。这里不仅是学习音乐的地方，更是音乐和创新文化的聚集地。","北京现代音乐研究院"
"13","奥运地标参观","孙宇宁","13","游览奥林匹克公园，参观了鸟巢和水立方。这些现代奥运建筑不仅代表了北京，也展示了中国的国际形象。","奥林匹克公园"
"14","北海公园游历","郝安琪","14","在北海公园里，我领略了古代皇家园林的精致与雅致。湖面波光粼粼，垂柳依依，让人流连忘返。","北海公园"
"15","探秘森林公园","Wanda Nelson","15","我今天探访了北京的森林公园，这里的自然风光让人心旷神怡。走在密林中，呼吸着清新的空气，感觉非常放松。","森林公园"
"16","动漫博物馆之旅","夏震南","16","探索了北京动漫博物馆，这里展出了许多经典动漫作品，让我对中国的动漫文化有了新的认识，非常有趣。","北京动漫博物馆"
"17","图书馆探索日","Nancy Wilson","17","在北京城市副中心图书馆度过了一天，它不仅外观现代，内部藏书丰富，是一个理想的学习和研究场所。","北京城市副中心图书馆"
"18","雕塑公园艺术之旅","韩云熙","18","我在北京国际雕塑公园遇到了各种惊人的现代艺术作品，这些大型外部装置艺术品让人赞叹艺术和环境的完美融合。","北京国际雕塑公园"
"19","三里屯夜生活","Raymond West","19","晚上我去了三里屯，这里的夜生活非常丰富多彩。各种酒吧和餐馆让这里成为北京的娱乐热点。","三里屯"
"20","奥林匹克森林公园跑步","姚致远","20","参观了北京奥林匹克森林公园，这个大型公园充满了绿色空间和宁静的氛围，是进行长跑和休闲的理想之地。","奥林匹克森林公园"
"21","南锣鼓巷漫游","龙震南","21","我于今日游览了南锣鼓巷，这里的古色古香与现代氛围交织，小巷里的手工艺品店和传统小吃尤为引人入胜。","南锣鼓巷"
"22","天坛公园的宁静","Dorothy Wallace","22","今天的天坛公园之行非常愉快，这里不仅有壮丽的古建筑，还有宁静的环境，使人心灵得到了真正的安宁。","天坛公园"
"23","国家图书馆学习体验","Shannon Olson","23","在北京国家图书馆度过了充实的一天，这里不仅藏书丰富，而且建筑设计典雅，学习氛围浓厚，每个角落都透露着知识的气息。","北京国家图书馆"
"24","大兴国际机场探索","Gloria Roberts","24","我探访了刚开放不久的北京大兴国际机场，现代化的设计和高效的服务让我的旅程开始就充满了期待。","北京大兴国际机场"
"25","城市学院新印象","戴詩涵","25","今天我造访了北京城市学院，这所学校以其现代化的设施和开放的学术氛围给我留下了深刻的印象。","北京城市学院"
"26","科学中心探险","Michelle Gutierrez","26","在北京科学中心的一天是充满乐趣和学习的。各种科学互动展览让我和我的家人都感到非常兴奋和满意。","北京科学中心"
"27","中央美院艺术课","雷璐","27","今天我在中央美术学院参加了一个短期艺术课程，感受到了浓厚的艺术氛围和学院的创新精神，非常激励人心。","中央美术学院"
"28","数字博物馆体验","Anthony Robertson","28","参观了北京数字博物馆，其中的虚拟现实和增强现实展项令我大开眼界，感受到科技与艺术的完美结合。","北京数字博物馆"
"29","奥体中心活力","常詩涵","29","在北京奥体中心，我感受到了体育的激情和活力。观看了一场激动人心的体育赛事，气氛非常热烈。","北京奥体中心"
"30","古北水镇历史之旅","Stephen Gibson","30","今天我游览了北京的古北水镇，这里的古建筑和水系布局让我仿佛回到了古代，每个角落都充满了历史的韵味。","古北水镇"
"31","北京大学探访","Josephine Reynolds","31","今日我访问了北京大学，这所亚洲顶尖的学府不仅校园环境优美，还充满了学术氛围，让人心驰神往。","北京大学"
"32","植物园自然之旅","Gladys Henderson","32","我在北京植物园享受了一天的自然美景。花卉展览馆内的多样植物让我领略了大自然的奇妙。","北京植物园"
"33","电影城幕后探秘","丁璐","33","前往北京电影城，感受了电影制作的幕后景象。参观了多个拍摄现场，了解了电影制作的复杂过程，非常精彩。","北京电影城"
"34","信息技术教育探索","Sara Marshall","34","今天的北京邮电大学参观让我对中国的信息技术教育有了更深的认识。校园中的技术氛围非常浓厚。","北京邮电大学"
"35","园博园之行","陆云熙","35","在北京园博园中，我体验了中外园林艺术的完美结合，绿植环绕的环境让我的心情大好。","北京园博园"
"36","军事博物馆深度游","范安琪","36","探索中国人民革命军事博物馆，对中国的军事历史有了全新的了解。展馆中的历史文物和详细讲解增深了我的历史感。","中国人民革命军事博物馆"
"37","国家森林公园游历","Jessica Wagner","37","在北宫国家森林公园中徒步，享受大自然的宁静和清新空气。森林中葱郁的绿色让我感到放松和愉悦。","北宫国家森林公园"
"38","民族大学文化之旅","谭震南","38","访问北京中央民族大学，深入了解了中国的民族文化和教育。校园的多样性和文化活动令人印象深刻。","北京中央民族大学"
"39","王府井日常探索","Doris Graham","39","今天我在王府井大街上度过了愉快的一天。这里的购物和美食选择丰富，是体验北京城市生活的绝佳地点。","王府井大街"
"40","音乐学院演出体验","钱子异","40","参加了中国音乐学院的一场音乐会，那里的表演充满了艺术氛围，让我对中国传统音乐有了更深的理解和欣赏。","中国音乐学院"